I-ORG,counts
Ham,1914
Testamente,528
Det,412
Facebook,226
GT,154
katolske,153
TV,137
Folkekirken,131
Sl,129
DDS,105
"Det, Gamle, Testamente",98
"Kristeligt, Dagblad",90
Folkekirkens,79
EU,77
Islamisk,73
DR,72
ak,69
lutherske,67
"Det, Gamle",66
hvedekorn,65
Påske,65
TV2,59
Brugsen,57
romerske,54
forladelse,48
folketinget,47
"Gamle, Testamente",46
Gamle,46
Bilka,45
Google,37
Hellige,37
Jesus,35
Israels,32
Politiken,31
Disney,29
Brøndby,28
Bethesda,28
Danmarks,27
FN,26
Liv,25
"Røde, Kors",25
evangelist,25
Gestapo,24
Folketinget,24
jødiske,24
P1,24
DR2,23
Salmernes,23
Kristi,23
FDF,22
Emmaus,22
HC,21
blæsten,21
SS,20
evangeliske,20
lotto,19
”,19
Netto,19
Selskab,18
barnsben,18
Københavns,18
Røde,18
Ef,17
Føtex,17
"Indre, Mission",17
Tivoli,17
Noas,17
IS,16
Var,16
Danske,16
"Dansk, Folkeparti",15
"World, Trade, Center",15
"Danmarks, Radio",15
brugsen,15
Ny,14
SF,14
Trump,14
Indre,14
Lego,14
toldbod,14
Omega,14
"Københavns, Universitet",14
pines,13
"Århus, Universitet",13
DR1,13
Lotto,13
Søns,13
kz,12
Rige,12
Taleban,12
Den,12
Nephew,12
SK,12
damerne,11
Klux,11
Kristeligt,11
Hellig,11
Grand,11
Gran,11
Jyllandsposten,11
Råd,11
"Det, Røde",11
Beatles,11
AK,11
Kolind,11
Beder,11
"Den, Danske, Folkekirke",10
DSB,10
De,10
IKEA,10
.,10
U2,10
Rigshospitalet,10
Mercedes,10
Lk,9
Gt,9
reformationstiden,9
Maya,9
Talent,9
"Paris, Hilton",9
BBC,9
Ford,9
Dansk,8
"Herning, Folkeblad",8
jyske,8
Hær,8
Halloween,8
Ajax,8
Børnerådet,8
Apple,8
Berlingske,8
Matthæusevangeliet,8
Kirkeministeriet,8
SKAT,8
Venstre,7
rigsdagen,7
Kvickly,7
"Vestre, Fængsel",7
co,7
"Frelsens, Hær",7
Rådet,7
"Holger, Danske",7
Riges,7
Wars,7
SE,7
Bording,7
PH,7
nazi,7
Matador,7
Ekstrabladet,7
splinter,7
sl,6
"Ekstra, Bladet",6
Danmarkshistorien,6
lego,6
TV3,6
Frem,6
Fremad,6
lokalavisen,6
abba,6
"Etisk, Råd",6
Tysklands,6
Kors,6
World,6
BT,6
"Israels, Folk",6
Koreakrigen,6
Volkswagen,6
"Olympiske, Lege",6
Ikea,6
FCK,6
tyske,6
Vaya,6
"Aarhus, Universitet",6
"Ham, –",6
MGP,6
evangelisk,6
Levende,6
Konfirmationen,6
regiment,6
Sovjet,6
Nordea,6
Stasi,6
"Berlingske, Tidende",5
Giro,5
Prædikerens,5
fynske,5
Testamentes,5
medarbejderne,5
Weekendavisen,5
"Den, Danske",5
"Danmarks, Radios",5
irakiske,5
Alpha,5
"Post, Danmark",5
"Roskilde, Festivalen",5
nec,5
Rigshospitalets,5
Dagblad,5
Hesselager,5
Robben,5
Hennes,5
Line,5
AGF,5
Kristen,5
Paradise,5
KFUM,5
ABBA,5
sportsklubben,5
Lot,5
"Champions, League",5
kliché,5
Mærsk,5
Christiansborg,5
Blæsten,5
BMW,5
P2,5
Efa,5
Grøn,5
SAS,5
"Danske, Folkekirke",5
PET,5
"Jyllands, Posten",5
bornholmer,5
luthersk,5
Romerne,5
Bethesdas,5
Lille,5
hjorten,5
KFUMs,5
Himmelfart,5
"Det, Nye, Testamente",5
P3,5
IT,5
"-, Cola",4
Medarbejderne,4
"Amnesty, International",4
Sankt,4
Socialdemokratiet,4
Springer,4
MIT,4
"Hampton, Court",4
MAN,4
Læger,4
Enhedslisten,4
SOS,4
Guddommelige,4
–,4
ΨΨΨ,4
Telia,4
Death,4
Gallery,4
News,4
Teologisk,4
playstation,4
fagforeningen,4
Højre,4
Black,4
Falck,4
Hospital,4
efterklang,4
Ramasjang,4
NATO,4
Pet,4
Radio,4
"Dansk, Folkepartis",4
Peters,4
fif,4
fodboldlandshold,4
LEGO,4
vrå,4
Puch,4
Psykologisk,4
Børsen,4
Naboen,4
giro,4
Museum,4
regime,4
"Aalborg, Universitet",4
Jedi,4
Brødremenigheden,4
"Københavns, universitet",4
radioavisen,4
"Cold, Coffee",4
Wall,4
Olympiske,4
Græsted,4
Michelangelos,4
Information,4
B,4
Herrens,4
Danmark,4
DR3,4
PAU,4
Batman,4
AL,4
hof,4
"Benny, Påske",4
mercedes,4
FNs,4
Himmel,4
DDR,4
Paris,4
"Bethesda, Dam",4
Himmelske,4
"Copenhagen, Carnival",4
Bibel,4
"luthersk, evangeliske",4
Nationalbanken,3
Gnags,3
Norske,3
Fox,3
Ekko,3
Rotary,3
Fitness,3
Nissebanden,3
Europaparlamentet,3
"Royal, Opera, House",3
Glory,3
FIFA,3
FK,3
Rugby,3
Rigsarkivet,3
Nato,3
P4,3
FaceBook,3
Orlando,3
"Fætter, BR",3
Milan,3
Greenpeace,3
"Real, Madrid",3
Ferrari,3
OECD,3
New,3
Mission,3
Nye,3
-,3
CIA,3
jydsk,3
radioens,3
Informations,3
Indenrigsministeriet,3
Bartimæus,3
Bauhaus,3
md,3
Blå,3
"Kristelig, Dagblad",3
kongers,3
IM,3
Højesteret,3
cirkusrevyen,3
"British, Museum",3
Hvidsten,3
Kristne,3
gt,3
Krone,3
Humanistisk,3
finansministeriet,3
eventyrernes,3
"evangelisk, lutherske",3
Hr,3
riges,3
Isam,3
Apartheid,3
skype,3
Jyllands,3
JyllandsPosten,3
3F,3
østrigske,3
Jem,3
"Århus, universitet",3
AP,3
Århus,3
volvo,3
verdensbanken,3
Afrikas,3
universitets,3
KFUK,3
tv2,3
KH,3
sundhedsstyrelsen,3
strø,3
Amnesty,3
Andeby,3
sok,3
KL,3
comfort,3
Verdens,3
børnerådet,3
"DR, TV",3
Vietnamkrigen,3
"Dagbladet, Information",3
Vejle,3
VI,3
"University, College, Syddanmark",3
Universitetet,3
"Liberal, Alliance",3
Suzuki,3
Lila,3
"Tønder, Bank",3
"Harvard, University",3
Davids,3
"TV2, News",3
Hebræerne,3
Tim,3
"Ham, ”",3
Magasin,3
"Manchester, United",3
Silvan,3
Dronningens,3
Dronning,3
Disneyland,3
LO,3
Shell,3
Volvo,3
YouTube,3
"Den, Danske, Salmebog",3
Sjællands,3
Washington,3
DK,3
DMI,3
Luthersk,2
Luthers,2
"Jyske, Lov",2
Jyske,2
NY,2
"Luthersk, evangeliske",2
Low,2
Londons,2
Mazda,2
"Londons, Metro",2
Metroen,2
Kiwi,2
NOVA,2
Land,2
Kvindernes,2
Microsoft,2
"Kundera, .",2
LM,2
Lalandia,2
Krop,2
Mediehuset,2
Kronikken,2
Munksgaard,2
"Kristeligt, Folkeparti",2
Landmandsbanken,2
KZ,2
Michelin,2
Kraft,2
"Kongeriget, Danmarks",2
Kongelige,2
Kongehuset,2
"Københavns, Zoo",2
"Kirkernes, Verdensråd",2
"Lincoln, Memorial",2
NB,2
Kingos,2
Menneskerettigheder,2
Statsministeriet,2
Nephews,2
hyundai,2
gestapo,2
habit,2
halloween,2
harmony,2
hebræerne,2
hollandske,2
hunger,2
håndboldlandshold,2
"New, Public, Management",2
"jødiske, Råd",2
kirkeministeriet,2
kongehuset,2
kongelige,2
kreator,2
krydrer,2
kære,2
frømandskorpset,2
forsikringsselskabet,2
fodboldlandsholdet,2
"etiopiske, hof",2
accord,2
adelige,2
alde,2
bjergby,2
borgerservice,2
britiske,2
"britiske, underhus",2
carte,2
"dagbladet, Information",2
"danske, landshold",2
daten,2
disney,2
dr2,2
eldorado,2
enhedslisten,2
liga,2
mankind,2
morris,2
sik,2
sting,2
superliga,2
sydafrikanske,2
særklasse,2
toldboden,2
"tyske, evangeliske",2
uni,2
venstreparti,2
Østjyllands,2
årets,2
"–, Ham",2
"”, Freaks",2
"”, Ham",2
"”, Hennes",2
"”, Kristen",2
sneakers,2
sejlklar,2
nationalmuseet,2
sabbath,2
nissebanden,2
nor,2
nordiske,2
norske,2
nutidens,2
of,2
ortodokse,2
pic,2
pinsekirken,2
politigården,2
raw,2
reformerte,2
regiments,2
rigshospitalet,2
rk,2
Wimbledon,2
Villekulla,2
Venstres,2
Rank,2
Reds,2
Rema,2
Robin,2
"Rolls, Royce",2
Romana,2
"Royal, Albert, Hall",2
"Ruslands, præsident",2
STASI,2
Samvirke,2
Santa,2
"Santiago, –",2
"Saxo, Bank",2
"Scandinavian, Star",2
Scientology,2
Sebastians,2
"Real, Monsters",2
Radiorådet,2
"Sixtinske, Kapel",2
Radikale,2
Nexø,2
Nokia,2
Noma,2
Notre,2
"Ny, Testamente",2
Oddset,2
"Odense, Teater",2
Opel,2
Orient,2
Palæstinas,2
Passat,2
"Pauls, Cathedral",2
Point,2
Porsche,2
Provsten,2
Seven,2
Skoda,2
Valley,2
Taj,2
Teater,2
"Testrup, Højskole",2
"Time, Magazine",2
Tjekkiets,2
"Trafalgar, Square",2
Tv,2
Tvind,2
Twin,2
UD,2
UNICEF,2
"USA's, præsident",2
"Ungarske, Garde",2
"Universitetet, i",2
VIP,2
Vagttårnet,2
Team,2
TDC,2
Slam,2
Sønder,2
Sognepræsten,2
Sorbonne,2
Spaniens,2
Spar,2
Speed,2
"Statens, Museum",2
"Jonathan, Livingston, Havmåge, .",2
"Store, Råd",2
Stortinget,2
"Strange, Fruit",2
Sundhedsstyrelsen,2
Superbrugsen,2
Sveriges,2
Swansea,2
"Syddansk, Universitet",2
JydskeVestkysten,2
"New, -, Orleans, USA",2
"Den, Gamle",2
Handelshøjskolen,2
Ark,2
"Askov, Højskole",2
Aspergers,2
Aston,2
Gyldendal,2
Grækenlands,2
Grundtvigs,2
Grundfos,2
"Atletico, Madrid",2
Audi,2
Colosseum,2
BR,2
EfB,2
Barnet,2
Gode,2
"Det, sixtinske, kapel",2
Ap,2
Global,2
DA,2
Houses,2
Alfa,2
Holocaust,2
"Det, Nye",2
Holmens,2
Aller,2
Himmelfartsdag,2
Hilton,2
Alliances,2
DFU,2
Hells,2
"Det, Teologiske, Fakultet",2
DF,2
Helles,2
"Helle, Skårup",2
Ekstra,2
Elefanten,2
Human,2
Frederiksberg,2
"Frederiks, -",2
Faders,2
CS,2
France,2
"Fr, SK",2
CERN,2
Forest,2
Finansministeriet,2
Force,2
"Foot, ”, .",2
Fona,2
Bud,2
"Brugsen, –",2
Folkeblad,2
"Brøndby, Strand",2
Bora,2
Capitol,2
Emerald,2
"FC, Midtjylland",2
Gammel,2
"Emma, Lines",2
Christianskirken,2
Berlinmuren,2
Besættelsen,2
"Games, ”",2
Enhedslistens,2
GE,2
Eu,2
Europa,2
Blue,2
Expressen,2
FB,2
FBI,2
"FC, København",2
"Hudson, Bay",2
"Brøndby, Stadion",2
AF,2
AaB,2
"Dansk, Røde, Kors",2
"Islamisk, Trossamfund",2
"Dalai, Lama",2
"De, Olympiske, Lege",2
"Danmarks, Havn",2
Hærs,2
"Indre, Missions",2
ATV,2
"Hvidovre, Butikstorv",2
Aftenshowet,2
"De, Vise",2
"Islamisk, Stats",2
Aarhus,2
Danida,2
"Den, Hellige",2
ABC,2
Hus,2
Irma,2
"Den, Olympiske",2
Dag,2
AS,2
Ik,2
Ungdom,1
dynasti,1
"Ungdommens, Røde, Kors",1
"Vestre, Skoles",1
"eks, -",1
eftergiver,1
Champions,1
efterretningsvæsen,1
"United, Airlines",1
ekstrabladet,1
Centrum,1
Center,1
enhedslistens,1
enkemanden,1
etiopiske,1
Unicef,1
"Dansk, Industri",1
drejers,1
"Dansk, Bibel, Institut",1
circus,1
Citroën,1
Cirkusrevyen,1
"Danmarks, riges",1
Utøya,1
Circus,1
credo,1
Churches,1
danske,1
"Christian, Quarter, Road",1
University,1
"Charlton, Heston",1
"Chicago, ”",1
Universitets,1
demokratis,1
"Dansk, Camping, Union",1
depeche,1
Chelsea,1
europæiske,1
djøf,1
domhuset,1
dr1,1
Cayman,1
Cannes,1
Casino,1
"Danske, Folkeparti",1
"UEFA, –",1
frihedsrådet,1
fritiden,1
Børnenes,1
Børn,1
"Danske, Bibelselskab",1
fyrrerne,1
føtex,1
garde,1
generalstab,1
UC,1
"Bush, osv",1
"franske, landshold",1
"Tønder, Museum",1
glory,1
"Danske, Kirke",1
grundtvigsk,1
"Buckingham, Palace",1
"Danske, Kirkers, Råd",1
guddommelige,1
gymnasie,1
"Brønshøj, ’",1
Twitter,1
"hammel, –",1
frelsers,1
"franske, kolonistyre",1
Carnegie,1
Ubuntu,1
"Capitol, Hill",1
Ultimate,1
eventen,1
Ugandas,1
"Uefa, Cup",1
Camp,1
"fangelejren, Camp",1
farisæernes,1
festivallen,1
fiat,1
Camel,1
"fif, ”",1
CBS,1
filmselskabet,1
CV,1
flyvevåbnet,1
fodboldklubben,1
USAs,1
COP17,1
CNN,1
"Dansk, Sprognævn",1
"US, -",1
folketingets,1
"Dansk, Supermarked",1
VIA,1
Coach,1
centurion,1
"Vejle, Sygehus",1
Welcome,1
"Danish, Music, Awards",1
Westminister,1
"Westminster, Abbey",1
Whisky,1
"Velling, ”",1
WikiLeaks,1
DDs,1
"World, Alliance",1
"World, Trade",1
"Vejle, town",1
"World, Trads",1
cathedral,1
Cubakrisen,1
Youtube,1
ZOO,1
Crouch,1
Credo,1
Cowboys,1
"af, Oxford",1
"Vejle, Missionshus",1
afdøde,1
aftenposten,1
aftenshowet,1
"Washington, DC",1
DI,1
Wasa,1
DNSAP,1
"Viborg, Katedralskole",1
"Viborg, Katedralskole, –",1
Vichy,1
Vestkysten,1
"Vichy, ”",1
Daells,1
DT,1
Vin,1
Vitskøl,1
"DR, P2",1
"DR, P1",1
Vor,1
Vår,1
"Vestervig, menighedsråd",1
"Verdenssundhedsorganisationen, WHO",1
WARS,1
Verdensbanken,1
Waffen,1
"Verdens, Ende",1
"Waffen, -, SS",1
DONG,1
"Walt, Disney",1
Warner,1
"Council, of",1
"Copenhagen, Pride",1
"Danmarks, 1",1
beskærer,1
bilfabrikken,1
bilka,1
"Danmarks, Meteorologiske, Institut",1
Vajsenhuset,1
"Danmarks, Pædagogisk, Universitet",1
"Coop, –",1
blomsterede,1
bluff,1
Comfort,1
bordtennis,1
Coldplay,1
brasilianeren,1
brasilianerne,1
Cola,1
VW,1
"britiske, kongehus",1
"britiske, parlament",1
VK,1
Viborg,1
"Club, –",1
"Danmarks, Statistik",1
Club,1
City,1
besættelsesmagt,1
berømmelige,1
alert,1
Van,1
allemandsland,1
Vega,1
alliances,1
amd,1
"amerikansk, republikansk",1
amerikanske,1
"amerikanske, Hilton",1
"amerikanske, Tea",1
"amerikanske, Tea, Party",1
"amerikanske, senat",1
"Danmarks, Dronning",1
annaler,1
"haute, couture",1
asa,1
atr,1
audi,1
bandidos,1
Vasas,1
Copenhagen,1
beachvolley,1
bedsteforældrene,1
belejrede,1
bellis,1
argentinske,1
junta,1
hebræerbrevet,1
spejderbevægelsen,1
"American, Airlines",1
America,1
stampede,1
statoil,1
statsministeriet,1
"Amager, Banken",1
Almindelig,1
studietiden,1
sundhedsministeriet,1
superb,1
Alliance,1
"supermarkedskæden, Kvickly",1
svejtsiske,1
svenske,1
svovlede,1
"sydafrikanske, apartheid",1
sydamerikanske,1
Alka,1
søndagsavisen,1
søns,1
"teatergruppen, Solvognen",1
teleselskabet,1
tennis,1
testamente,1
Aldi,1
toldvæsenet,1
"torino, Ave",1
spleen,1
spanske,1
toyota,1
sos,1
rigsrevisionen,1
romanske,1
romersk,1
"romersk, katolske",1
Aristoteles,1
"romerske, Kejser",1
"romerske, centurion",1
"romerske, myndigheder",1
"romerske, regime",1
"romerske, senat",1
russiske,1
"russiske, præsident",1
Arbejdstilsynet,1
school,1
"Arbejdernes, Byggeforening",1
seminariet,1
seminarium,1
sim,1
skid,1
skolekommissionen,1
"Anthony, Robbins, Århus",1
Anstalten,1
"slesvig, -",1
Anno,1
socialdemokraterne,1
Anglikanske,1
sonede,1
township,1
transportministeriet,1
"Brøndby, Kunstforening",1
"Århus, Stiftstidende",1
AOF,1
"Århus, Valgmenighed",1
"Århus, kunstmuseum",1
ANC,1
"Æhæh, sla",1
Ældste,1
AK47,1
"Østjyllands, politi",1
Østre,1
"Østre, Landsret",1
"østrig, -, ungarske",1
"østtyske, efterretningstjeneste, Stasi",1
AB,1
AAB,1
90erne,1
"–, idrætsklubben, –",1
’,1
6,1
30erne,1
"”, Glory",1
"”, HC",1
/,1
"-, preussiske",1
"-, Lanka",1
"”, Springer",1
"”, Vasa, ”",1
"”, beskytteren",1
"Århus, Teater",1
"Århus, Kommunehospital",1
tv,1
"Århus, Katedralskole",1
"tv, Københavns",1
"Aksel, Larsens, socialistiske",1
tv3,1
"tyrkiske, landshold",1
"Air, Asia",1
"tyske, Forbund",1
Air,1
tørster,1
udenrigsministeriet,1
udstod,1
uniformerede,1
universitet,1
universiteterne,1
"Afrikas, Horn",1
vagttårnet,1
vejdirektoratet,1
vellugtende,1
venstres,1
"Aalborg, Katedralskole",1
verdensnaturfonden,1
verdslige,1
vredens,1
wars,1
weekendavisen,1
yom,1
Ålborg,1
"Århus, Black",1
Arla,1
Armani,1
Arrest,1
kaglede,1
kapel,1
kapitlet,1
katolsk,1
Borgerlig,1
"katolske, kirkes",1
kejserlige,1
kejserrige,1
Borbjerg,1
klagesangen,1
knights,1
kollegiet,1
kommanderer,1
kommunehospitalet,1
kommunistiske,1
"kommunistiske, parti",1
Bolivias,1
Bolighus,1
Bogense,1
"kongers, Riger",1
konkurrenten,1
konservative,1
kortspillet,1
kp,1
Bog,1
kreditforening,1
kronikken,1
Boeing,1
kantaten,1
"jødiske, Råds",1
Arsenal,1
Borgerservice,1
helbredte,1
himmelfartsdag,1
hjemmeholdet,1
hjemmeværnet,1
hjemvendte,1
"Brøndby, Idrætsforening",1
"Bruxelles, forleden",1
"hollandske, landshold",1
holstenske,1
house,1
hulker,1
Brorsons,1
"British, Airways",1
"hvid, Mercedes, Benz",1
"Brigham, -",1
håndboldklubben,1
Bridge,1
idrætsefterskole,1
ile,1
indiske,1
"Boston, USA",1
jagerfly,1
Dds,1
"Boston, Marathon",1
jyllandsposten,1
"Bornholms, Hospital",1
Bornholmer,1
"Blå, Avis",1
"Blue, Water, Arena",1
"la, Jehovas, Vidner",1
landsholdet,1
Bayern,1
"nordisk, Råds",1
Ballet,1
Bakkehuset,1
BSV,1
oddset,1
opel,1
oplev,1
BG,1
overvældes,1
paradisets,1
parole,1
"pavelige, hof",1
Awards,1
Avis,1
"pines, …",1
"Atlanta, –",1
popstars,1
privatskolen,1
provsten,1
præsidentens,1
pusher,1
Athena,1
Ateitisk,1
ramasjang,1
"Aston, Martin, DB",1
Artilleriet,1
nintendo,1
Bedsteforældrene,1
nazistiske,1
manna,1
landsholds,1
"le, Monde",1
leven,1
Bills,1
Billed,1
Big,1
lovpriser,1
Bibelselskaber,1
Bibelselskab,1
"Bethesda, –",1
mandat,1
Betesda,1
manuscript,1
"Bee, Gees",1
melodigrandprix,1
mensa,1
"Berlingske, tidende",1
michelin,1
miraklet,1
modstandsgruppen,1
Benz,1
msn,1
muslimske,1
"Bellevue, Teater",1
"nationalsocialistiske, parti",1
nationernes,1
"Danske, Kommuner",1
Johannes,1
"De, Britiske",1
"Milano, –",1
Mines,1
Ministeriet,1
Gospelsangene,1
"Mission, Aviation",1
Mobile,1
"Moesgård, Museum",1
Mon,1
Monsters,1
Monti,1
"Morning, Glory",1
Morten,1
Mossad,1
"Goooood, morning, Vietnam",1
Googles,1
Måbjerg,1
Golf,1
"Mærsk, –",1
NASA,1
"Glory, Road",1
NETTO,1
NU,1
Getsemane,1
Garde,1
"National, Geographic",1
Nationalmuseet,1
Gamles,1
Natos,1
Mine,1
Grimms,1
"Nazi, Tysklands",1
Mighty,1
Hamas,1
Magdalen,1
"Malaysian, Airlines",1
Manchester,1
"Manchester, City",1
"Haderslev, Private",1
Marienborg,1
Mark,1
Marmor,1
"Martin, Luthers",1
"Maryland, Universitet",1
HR,1
HK,1
Mattæus,1
"HC, Andersen",1
HBO,1
McLaren,1
"Göteborg, -, Posten",1
Gyldne,1
"Mellemfolkeligt, Samvirke",1
"Mellemkirkelige, Råd",1
Guinness,1
"Mercedes, Benz",1
Messe,1
Messerschmitt,1
"Guardian, angle, ”, .",1
"Midtjyllands, Avis",1
Nazi,1
Ndr,1
MR,1
"Nørre, Jyske, Livregiment",1
Frelser,1
OK,1
OL,1
Frelsens,1
Freja,1
"Odense, Universitetshospital",1
Ole,1
Freds,1
"Omar, Abdel, Hamid, El, -, Hussein",1
One,1
Frederiks,1
Open,1
Operation,1
Orchestra,1
Oregon,1
"Fredericia, Teater",1
"Franske, Revolution",1
Ornitologisk,1
"Oslo, Gospel, Choir",1
"Oslos, byråd",1
Oticon,1
Ottestrup,1
Oxford,1
"Oxford, universitet",1
"Fox, River",1
P3s,1
Forum,1
Nørrebros,1
Nyhederne,1
Nec,1
"Nye, Testamente",1
Nedre,1
"Gamle, Testamentes",1
"Gamisch, -, Partenkirchen",1
Games,1
"-, Aqsa",1
Gallup,1
Gaffa,1
"Nice, Guy",1
Night,1
Nineve,1
Færøernes,1
Fængsel,1
Nobels,1
"Fyns, Stiftstidende",1
"Fyns, Stifts",1
Nord,1
"Fyns, Politi",1
"Nordea, Bank",1
Nordkorea,1
"Nordkorea, Kim, il",1
"Fuller, Seminary",1
Fuglsang,1
"Notre, -",1
Ns,1
Frømandskorpset,1
Frikorps,1
Fridolin,1
"MTV, Awards",1
Hamlets,1
PBS,1
Kildebrønde,1
"Kings, Cross",1
Kippur,1
Iron,1
Kirken,1
Kirkernes,1
Irans,1
Klara,1
Iphone,1
Knesset,1
Kodak,1
"Internationalt, MGP",1
"Kommunal, -",1
Kommunehospitalet,1
Kong,1
Inderne,1
"Independence, Day",1
"Kongelige, Danske, Livgarde",1
"Kongelige, Højhed",1
"Kongelige, Opera",1
Kongeriget,1
Ikast,1
Kongerigets,1
Kongers,1
Konservative,1
"Ignatius, af, Loyola",1
ISS,1
Kristelig,1
Kings,1
Kia,1
IC4,1
Kh,1
"Jingle, bells",1
"Jugoslavien, –",1
Jydske,1
Jingle,1
Jesuitterne,1
"Jyllands, -, Posten",1
"Jesu, Kristi",1
"Jesu, Kors",1
Jessens,1
Jysk,1
Jensens,1
Jazz,1
"Jyske, Vestkysten",1
Jætterne,1
JK,1
JESUS,1
"KFUM, Vestervig",1
"Italiens, Nationale, Kommission",1
KGB,1
"Israels, Premier, Præsident",1
KODA,1
"Islamisk, Stats, menneskefjendske, kalifat",1
Kape,1
Kapel,1
Karnevalet,1
Kastellet,1
Katedral,1
IRA,1
Højskole,1
MH,1
"Herren, Jesus, Krist, vor, Frelser",1
"Herning, Byråd",1
"Helsingør, Idrætsforening",1
"Lille, Bibel",1
"Lille, Vega",1
Helligåndskirken,1
Helliges,1
Lines,1
"Lissabon, ”",1
"Hellige, Land",1
Liverpool,1
"Hellig, Tre, kongers",1
Hebræerbrevet,1
Haugen,1
"Louisville, –",1
"Harvard, universitet",1
Lufthansa,1
"Lunds, universitet",1
Harvard,1
"Luthers, sl",1
"Hans, Rige",1
"Luthersk, Evangeliske",1
"Luthersk, Mission",1
"Hans, Kongelige, Højhed",1
Lysets,1
Handicap,1
Lærde,1
Handels,1
"Herning, Stadion",1
Lege,1
Håndbold,1
Lech,1
Husets,1
Kronen,1
"Humanistisk, Samfund",1
Kræftens,1
"Kræftens, Bekæmpelse",1
Krøniken,1
Kultur,1
Kunstakademiet,1
House,1
Købehavn,1
Hornet,1
"Københavns, Byret",1
"Københavns, Indre, Mission",1
"Københavns, Politigård",1
"Københavns, Sydhavn",1
"Holstebro, ”",1
"Holstebro, Museum, …",1
"Københavns, nordvestkvarter",1
LA,1
Hjerl,1
Himmerigets,1
Lam,1
"Hillsong, Church",1
Landstinget,1
Lars,1
Las,1
League,1
Fortuna,1
Forlaget,1
Tuborg,1
Spanien,1
Spansk,1
Spanske,1
"Det, Tyske, Forbund",1
Sparekassen,1
"Det, Tredje, Riges",1
Spejder,1
Sprognævn,1
Star,1
"Star, Wars",1
Stars,1
"Det, Sixtinske, kapel",1
"Stasi, Smølfer",1
"Statens, Institut",1
"Det, Sixtinske, Kapel",1
"Statens, Museum, for, Kunst",1
"Statoil, Stationer",1
Statskundskab,1
"Det, Radikale, Venstre",1
Stefans,1
Steinway,1
"Det, Palæstinensiske, Bibelselskab",1
"Det, Kongelige, Teater",1
Strø,1
Styrker,1
Su,1
Summit,1
"Det, Kongelige, Danske, Musikkonservatorium",1
"Det, danske, Bibelselskab",1
Sovjetrusland,1
"Det, Kongelige, Bibliotek",1
"Det, kongelige, Teater",1
Silkeborg,1
"Silkeborg, Højskole",1
Discovery,1
Sint,1
"Sint, Jans",1
Direction,1
Diesel,1
Skandinavisk,1
Skanse,1
"Skive, Folkeblad",1
Dickens,1
Skype,1
Skånske,1
Skævinge,1
"Det, teologiske, Fakultet",1
"Sl, 73,13f",1
Slotspladsen,1
Socialdemokraterne,1
"Det, sixtinske, Kapel",1
Socialministeriet,1
Sofia,1
"Det, romerske, Riges",1
Song,1
"Det, radikale, Venstre",1
"Sorø, Akademi",1
"South, African, Council",1
Southern,1
"Sunset, Villa",1
Superliga,1
Sikkerhedspolitiet,1
"Den, Røde, Hærs",1
"Den, Katolske",1
Johannesevangeliet,1
"Den, Europæiske, Union",1
"Teologiske, Fakultet",1
"Den, Danske, Bank",1
Demokraterne,1
Testrup,1
Deadline,1
The,1
Tidende,1
"De, ortodokse",1
Times,1
Titanic,1
"De, Tres",1
"De, Radikale",1
Tokio,1
"Tom, Cruises",1
Torkildstrup,1
Touran,1
Town,1
Toyota,1
"Tredje, Riges",1
Trinitatis,1
"Trinity, Broadcasting, Network",1
"De, Hellige",1
Tryg,1
Trøjen,1
Taliban,1
"Den, Ungarske, Garde",1
Superligaen,1
Taastrup,1
"Det, Hellige, Land",1
Svalegangen,1
"Det, Hellige",1
"Det, Gyldne, Teater",1
Sydafrikanske,1
Sydafrikas,1
Sydbank,1
"Det, Gode, Liv",1
"Sydens, Dronning",1
Syge,1
Søfartsmuseet,1
Sølv,1
Søndagsavisen,1
"Det, Etiske, Råd",1
Sønderjyske,1
Søndre,1
Sønner,1
"Det, Danske, Sprog",1
Søværnet,1
"Det, Danske, Bibelselskab",1
TH,1
"Det, Britiske",1
"TV, -",1
Depeche,1
"TV2, Lorry",1
Denver,1
"Den, kongelige, Mønt",1
Silja,1
Sierra,1
PK,1
Folke,1
Flammernes,1
Posten,1
Prada,1
Prinsessen,1
Private,1
Fine,1
Filmskolen,1
Film,1
Fifa,1
Qaeda,1
Queen,1
Queens,1
RUC,1
Fields,1
Fest,1
"Radio, 24syv",1
Radioavisen,1
Radioens,1
Faste,1
Radiosymfoniorkestret,1
"Farum, Bytorv",1
Farc,1
ReUnion,1
Fakultet,1
"Real, Monsters, ”",1
Faderhuset,1
Regionsrådet,1
Porte,1
Politikken,1
Rembrandts,1
Politiet,1
PLO,1
PS3,1
Pagtens,1
"Pagtens, Ark",1
Pale,1
Forbrugerstyrelsen,1
"Paradise, Hotel",1
Paradisets,1
"Paris, Spleen",1
"Paris, ’, Metro",1
Parlamentet,1
Partridge,1
"Folkets, Palads",1
Folkets,1
Paven,1
Peace,1
"Peder, Palladium",1
Pennsylvanias,1
Pension,1
Folketingets,1
"Peter, AG",1
Folkeparti,1
Pi,1
Pinsekirken,1
"Pocahontas, State, Park",1
Folkekirke,1
PokéMon,1
Faderens,1
Repræsentanternes,1
Shrek,1
SER,1
SFU,1
Emmelie,1
SPAR,1
"Ekstra, Bladets",1
Saint,1
Salvador,1
Samfund,1
Samsung,1
"Egå, Sognegård",1
Egeris,1
Efterretningstjeneste,1
Sas,1
"Sauls, hof",1
East,1
Saybia,1
Scandinavian,1
EF,1
Schaumburg,1
Schindlers,1
Dyrehavsbakken,1
Dortmund,1
Dom,1
Septuagesima,1
Dolls,1
Shahen,1
"Shaka, Zulu",1
"Disney, Channel",1
"Empire, State, Building",1
"Engelske, Kirke",1
Republikanerne,1
"Engelske, Kirkes",1
"Republikanske, parti",1
Factory,1
FOA,1
"FK, ’",1
"FDM, ”, .",1
FDM,1
Ringkjøbing,1
FCM,1
"FC, Midtjyllands",1
Robinson,1
Rocca,1
Rogue,1
"FC, Barcelona",1
"Romersk, Katolske",1
Roms,1
Roskilde,1
Royal,1
"Royal, Navy",1
"Ruhr, distrikt",1
Rumænien,1
Ruslands,1
"Esbjerg, seminarium, –",1
RyanAir,1
"Esbjerg, KFUM",1
"Esbjerg, Gymnasium",1
"Røde, Hærs",1
Englands,1
…,1
